{
    "counter": {
        "ACTIVE": 54,
        "INACTIVE": 1,
        "INVALID": 0,
        "MALICIOUS": 0,
        "SANE": 0,
        "VALID": 0,
        "total": 55
    },
    "percentage": {
        "ACTIVE": 98.18181818181819,
        "INACTIVE": 1.8518518518518519,
        "INVALID": 0,
        "MALICIOUS": 0,
        "SANE": 0,
        "VALID": 0,
        "total": 100.03367003367003
    }
}