{
    "counter": {
        "ACTIVE": 62,
        "INACTIVE": 1,
        "INVALID": 0,
        "MALICIOUS": 0,
        "SANE": 0,
        "VALID": 0,
        "total": 63
    },
    "percentage": {
        "ACTIVE": 98.41269841269842,
        "INACTIVE": 1.8518518518518519,
        "INVALID": 0,
        "MALICIOUS": 0,
        "SANE": 0,
        "VALID": 0,
        "total": 100.26455026455027
    }
}